{"stat.useItem.minecraft.redstone_block":42,"stat.crouchOneCm":7754,"stat.useItem.minecraft.command_block":37,"achievement.openInventory":205,"stat.useItem.minecraft.stone_button":17,"achievement.exploreAllBiomes":{"value":0,"progress":["Sunflower Plains","Plains","ForestHills"]},"stat.useItem.minecraft.bedrock":72,"stat.useItem.minecraft.redstone":3,"stat.useItem.minecraft.stained_hardened_clay":15,"stat.flyOneCm":209511,"stat.useItem.minecraft.prismarine":1,"stat.timeSinceDeath":187883,"stat.playOneMinute":187883,"stat.leaveGame":17,"stat.useItem.minecraft.glowstone":5,"stat.useItem.minecraft.comparator":1,"stat.useItem.minecraft.wool":6,"stat.walkOneCm":230576,"stat.jump":313,"stat.useItem.minecraft.sign":52,"stat.sprintOneCm":48918,"stat.useItem.minecraft.dirt":3}